<?xml version="1.0" encoding="UTF-8"?>

<!DOCTYPE log4j:configuration PUBLIC "-//APACHE//DTD LOG4J 1.2//EN" "http://logging.apache.org/log4j/1.2/apidocs/org/apache/log4j/xml/doc-files/log4j.dtd">

<log4j:configuration xmlns:log4j="http://jakarta.apache.org/log4j/">
	<appender name="console" class="org.apache.log4j.ConsoleAppender">
		<param name="Target" value="System.out" />
		<layout class="org.apache.log4j.PatternLayout">
			<param name="ConversionPattern" value="%-5p: %c.%M() - %m%n" />
		</layout>
	</appender>

	<!-- 패키지 하위 모든 클래스에 대한 로그 레벨 설정 -->
	<logger name="com.haechukgal">
		<level value="info" />
	</logger>

	<!-- SQL 로그 레벨 성정 -->
	<logger name="jdbc.sqltiming">
		<level value="error"/>
	</logger>

	<root>
		<priority value="warn" />
		<appender-ref ref="console" />
	</root>
</log4j:configuration>
