<?xml version="1.0" encoding="UTF-8"?>
<beans xmlns="http://www.springframework.org/schema/beans"
	xmlns:xsi="http://www.w3.org/2001/XMLSchema-instance"
	xsi:schemaLocation="http://www.springframework.org/schema/beans http://www.springframework.org/schema/beans/spring-beans.xsd">

	<bean id="dataSource" class="org.apache.commons.dbcp2.BasicDataSource" destroy-method="close">
		<!--
		<property name="driverClassName" value="oracle.jdbc.OracleDriver"/>
		<property name="url" value="jdbc:oracle:thin:@localhost:1521:orcl"/>
		-->
		<!--원래는 위 코드처럼 사용하나 SQL 로깅을 하기 위해 사용 -->
		<property name="driverClassName" value="net.sf.log4jdbc.DriverSpy"/>
		<property name="url" value="jdbc:log4jdbc:oracle:thin:@127.0.0.1:1521:xe"/>
		<property name="username" value="project"/>
		<property name="password" value="1234"/>
		<property name="maxTotal" value="1"/>
		<property name="initialSize" value="1"/>
		<property name="maxIdle" value="1"/>
	</bean>
	
	<bean id="sqlSessionFactory" class="org.mybatis.spring.SqlSessionFactoryBean">
		<property name="dataSource" ref="dataSource"/>
		<property name="configLocation" value="classpath:mybatis/mapper-config.xml"/>
		<property name="mapperLocations" value="classpath:mybatis/mapper/*.xml"/>
	</bean>
	
	<bean id="sqlSessionTemplate" class="org.mybatis.spring.SqlSessionTemplate" destroy-method="clearCache">
		<constructor-arg name="sqlSessionFactory" ref="sqlSessionFactory"/>
	</bean>

</beans>
