<?xml version="1.0" encoding="UTF-8"?>
<beans xmlns="http://www.springframework.org/schema/beans"
	xmlns:xsi="http://www.w3.org/2001/XMLSchema-instance"
	xmlns:security="http://www.springframework.org/schema/security"
	xsi:schemaLocation="http://www.springframework.org/schema/security http://www.springframework.org/schema/security/spring-security.xsd
		http://www.springframework.org/schema/beans http://www.springframework.org/schema/beans/spring-beans.xsd">

	<!-- #################### 보안 필터 체인을 적용하지 않는 요청 경로  #################### -->
 	<!-- 보안 필터 체인 설정보다 먼저 설정해야함 -->
 	<!-- url에 resource가 들어가면 보안을 none으로.밑에꺼 다 무시 -->
	<security:http pattern="/resource/**" security="none"/>

	<!-- #################### 보안 필터 체인 설정 #################### -->
	<security:http>
		<security:headers>
        	<security:frame-options policy="SAMEORIGIN"/>
    	</security:headers>	
	
		
		<!-- ### 로그인/로그아웃: 방법 ### -->
		<!-- /login : ContextRootPath까지 생략 -->
		<security:form-login login-page="/loginform"
					 login-processing-url="/login"
					 username-parameter="name"
					 password-parameter="pw"
					 authentication-success-handler-ref="AuthenticationSuccessHandler"
					 authentication-failure-handler-ref="AuthenticationFailureHandler"/>			 
						 
		<security:logout logout-url="/logout" 
						 success-handler-ref="LogoutSuccessHandler"/>
						 
		<!-- ### 사이트간 요청 위조 비활성화(기본 : 활성화) ###  -->
		<security:csrf disabled="true"/>		
		
		<!-- ### url 권한 설정 ### -->
		<!-- /path/path/**, /path/method* -->
		<security:intercept-url pattern="/admin*" access="hasRole('ROLE_ADMIN')"/>
		<security:intercept-url pattern="/manager*" access="hasRole('ROLE_MANAGER')"/>
		<security:intercept-url pattern="/user*" access="isAuthenticated()"/>	
		
		<security:intercept-url pattern="/**" access="permitAll"/>
		
		<!-- ### 권한 없음(403) 에러일 경우 포워드 페이지 ### -->
		<security:access-denied-handler error-page="/error403"/>
		
		<!-- ### 동일한 아이디로 중복 로그인 못하도록 방지 ### -->
		<!-- 
		web.xml 수정
		<listener>
  			<listener-class>
  				org.springframework.security.web.session.HttpSessionEventPublisher
  			</listener-class>
		</listener>
		-->
		<!-- 
		WARN : org.springframework.beans.GenericTypeAwarePropertyDescriptor.
		                          getWriteMethodForActualAccess() 발생하지만 무시
		 -->
		<security:session-management>
			<!-- 
			기존 브라우저는 강제 로그아웃, 다른 브라우저는 로그인
			max-sessions: 최대 세션수
			error-if-maximum-exceeded: 세션이 초과되었을 때 기존 브라우저 에러 발생 여부
			expired-url: 사용자의 액션이 있을 때 강제 로그아웃된 브라우저가 이동할 경로 
			-->
			
			<security:concurrency-control max-sessions="2" 
										  error-if-maximum-exceeded="false" 
										  expired-url="/loginform"/>
			
			<!-- 
			기존 브라우저는 로그인 유지, 다른 브라우저는 로그인되지 않고 에러 메시지 출력 
			-->
			<!--
			<security:concurrency-control max-sessions="1" 
										  error-if-maximum-exceeded="true"/>
			-->
			
		</security:session-management>		
	</security:http>	
	
	<!-- #################### 인증 관리자 설정 #################### -->
	<!-- 인증 관리자 설정 -->
	<security:authentication-manager>
		<security:authentication-provider ref="daoAuthenticationProvider"/>
	</security:authentication-manager>
	
	<!-- 인증 제공자 설정 -->
	<bean id="daoAuthenticationProvider" 
		  class="org.springframework.security.authentication.dao.DaoAuthenticationProvider">
		<property name="userDetailsService" ref="jdbcUserService"/>
		<property name="authoritiesMapper" ref="roleHierarchyAuthoritiesMapper"/>
	</bean>
	
	<!-- 사용자 정보 설정 -->
	<security:jdbc-user-service id="jdbcUserService"
		data-source-ref="dataSource"
		users-by-username-query="select name, pw, enabled from member where name=?"
		authorities-by-username-query="select name, role from member where name=?"/>
		
	<!-- 권한 계층 설정 -->
	<bean id="roleHierarchyAuthoritiesMapper" 
		class="org.springframework.security.access.hierarchicalroles.RoleHierarchyAuthoritiesMapper">
		<constructor-arg>
			<bean class="org.springframework.security.access.hierarchicalroles.RoleHierarchyImpl">
				<property name="hierarchy">
					<value>
						ROLE_ADMIN > ROLE_MANAGER
						ROLE_MANAGER > ROLE_USER
					</value>
				</property>
			</bean>
		</constructor-arg>
	</bean>
	
	<!-- #################### 인증 성공/실패 처리 핸들러 #################### -->
	<bean id="AuthenticationSuccessHandler" 
		  class="com.haechukgal.webapp.security.AuthenticationSuccessHandler">
	</bean>
	
	<bean id="AuthenticationFailureHandler" 
		  class="com.haechukgal.webapp.security.AuthenticationFailureHandler">
	</bean>
	

	<bean id="LogoutSuccessHandler" 
		  class="com.haechukgal.webapp.security.LogoutSuccessHandler">
		<!-- 
		defaultTargetUrl:생략, 컨텍스트 루트 경로(/index.jsp)로 리다이렉트
		defaultTargetUrl:지정, defaultTargetUrl로 강제 리다이렉트
		 -->
		<property name="defaultTargetUrl" value="/"/>
	</bean>	
</beans>